Workbook

Sheet Raw
A1: record_id | B1: month | C1: route_id | D1: hub | E1: promised_days | F1: actual_days | H1: Row Count
A2: 1 | B2: Jan | C2: R1 | D2: Ahmedabad | E2: 2 | F2: 2 | H2: =COUNTA(A2:A14) -> 13
A3: 2 | B3: Jan | C3: R2 | D3: Chennai | E3: 3 | F3: 4
A4: 3 | B4: Jan | C4: R3 | D4: Delhi | E4: 5 | F4: 5
A5: 4 | B5: Jan | C5: R4 | D5: Mumbai | E5: 4 | F5: 10
A6: 5 | B6: Feb | C6: R1 | D6: Chennai | E6: 2 | F6: 5
A7: 6 | B7: Feb | C7: R2 | D7: Delhi | E7: 3 | F7: 3
A8: 7 | B8: Feb | C8: R3 | D8: Mumbai | E8: 5 | F8: 10
A9: 8 | B9: Feb | C9: R4 | D9: Chennai | E9: 6 | F9: 7
A10: 9 | B10: Mar | C10: R1 | D10: Delhi | E10: 2 | F10: 8
A11: 10 | B11: Mar | C11: R2 | D11: Mumbai | E11: 3 | F11: 5
A12: 11 | B12: Mar | C12: R3 | D12: Chennai | E12: 5 | F12: 5
A13: 12 | B13: Mar | C13: R4 | D13: Mumbai | E13: 6 | F13: 15
A14: 12 | B14: Mar | C14: R4 | D14: Mumbai | E14: 6 | F14: 15

Sheet Lookup
A1: route_id | B1: route_name | C1: service_type
A2: R1 | B2: Metro Link | C2: Express
A3: R2 | B3: City Dash | C3: Express
A4: R3 | B4: Highway Freight | C4: Standard
A5: R4 | B5: Rural Feeder | C5: Standard

Sheet Clean
A1: record_id | B1: month | C1: route_id | D1: hub | E1: promised_days | F1: actual_days | G1: service_type | H1: delay_days | J1: Cleaning Check
A2: 1 | B2: Jan | C2: R1 | D2: Ahmedabad | E2: 2 | F2: 2 | G2: =INDEX(Lookup!$C$2:$C$5,MATCH(C2,Lookup!$A$2:$A$5,0)) -> Express | H2: =MAX(F2-E2,0) -> 0 | J2: Before Row Count | K2: =COUNTA(Raw!A2:A14) -> 13
A3: 2 | B3: Jan | C3: R2 | D3: Chennai | E3: 3 | F3: 4 | G3: =INDEX(Lookup!$C$2:$C$5,MATCH(C3,Lookup!$A$2:$A$5,0)) -> Express | H3: =MAX(F3-E3,0) -> 1 | J3: After Row Count | K3: =COUNTA(A2:A13) -> 12
A4: 3 | B4: Jan | C4: R3 | D4: Delhi | E4: 5 | F4: 5 | G4: =INDEX(Lookup!$C$2:$C$5,MATCH(C4,Lookup!$A$2:$A$5,0)) -> Standard | H4: =MAX(F4-E4,0) -> 0 | J4: Duplicate Removed | K4: =K2-K3 -> 1
A5: 4 | B5: Jan | C5: R4 | D5: Mumbai | E5: 4 | F5: 10 | G5: =INDEX(Lookup!$C$2:$C$5,MATCH(C5,Lookup!$A$2:$A$5,0)) -> Standard | H5: =MAX(F5-E5,0) -> 6
A6: 5 | B6: Feb | C6: R1 | D6: Chennai | E6: 2 | F6: 5 | G6: =INDEX(Lookup!$C$2:$C$5,MATCH(C6,Lookup!$A$2:$A$5,0)) -> Express | H6: =MAX(F6-E6,0) -> 3
A7: 6 | B7: Feb | C7: R2 | D7: Delhi | E7: 3 | F7: 3 | G7: =INDEX(Lookup!$C$2:$C$5,MATCH(C7,Lookup!$A$2:$A$5,0)) -> Express | H7: =MAX(F7-E7,0) -> 0
A8: 7 | B8: Feb | C8: R3 | D8: Mumbai | E8: 5 | F8: 10 | G8: =INDEX(Lookup!$C$2:$C$5,MATCH(C8,Lookup!$A$2:$A$5,0)) -> Standard | H8: =MAX(F8-E8,0) -> 5
A9: 8 | B9: Feb | C9: R4 | D9: Chennai | E9: 6 | F9: 7 | G9: =INDEX(Lookup!$C$2:$C$5,MATCH(C9,Lookup!$A$2:$A$5,0)) -> Standard | H9: =MAX(F9-E9,0) -> 1
A10: 9 | B10: Mar | C10: R1 | D10: Delhi | E10: 2 | F10: 8 | G10: =INDEX(Lookup!$C$2:$C$5,MATCH(C10,Lookup!$A$2:$A$5,0)) -> Express | H10: =MAX(F10-E10,0) -> 6
A11: 10 | B11: Mar | C11: R2 | D11: Mumbai | E11: 3 | F11: 5 | G11: =INDEX(Lookup!$C$2:$C$5,MATCH(C11,Lookup!$A$2:$A$5,0)) -> Express | H11: =MAX(F11-E11,0) -> 2
A12: 11 | B12: Mar | C12: R3 | D12: Chennai | E12: 5 | F12: 5 | G12: =INDEX(Lookup!$C$2:$C$5,MATCH(C12,Lookup!$A$2:$A$5,0)) -> Standard | H12: =MAX(F12-E12,0) -> 0
A13: 12 | B13: Mar | C13: R4 | D13: Mumbai | E13: 6 | F13: 15 | G13: =INDEX(Lookup!$C$2:$C$5,MATCH(C13,Lookup!$A$2:$A$5,0)) -> Standard | H13: =MAX(F13-E13,0) -> 9

Sheet Summary
A1: Task 1 — Summary
A3: Hub Delay Summary | D3: PivotTable — Total Delay Days by Service Type & Month
A4: Hub | B4: Total Delay Days | D4: Service Type | E4: Jan | F4: Feb | G4: Mar
A5: Chennai | B5: =SUMIFS(Clean!$H$2:$H$13,Clean!$D$2:$D$13,A5) -> 5 | D5: Express | E5: =SUMIFS(Clean!$H$2:$H$13,Clean!$G$2:$G$13,$D5,Clean!$B$2:$B$13,E$4) -> 1 | F5: =SUMIFS(Clean!$H$2:$H$13,Clean!$G$2:$G$13,$D5,Clean!$B$2:$B$13,F$4) -> 3 | G5: =SUMIFS(Clean!$H$2:$H$13,Clean!$G$2:$G$13,$D5,Clean!$B$2:$B$13,G$4) -> 8
A6: Delhi | B6: =SUMIFS(Clean!$H$2:$H$13,Clean!$D$2:$D$13,A6) -> 6 | D6: Standard | E6: =SUMIFS(Clean!$H$2:$H$13,Clean!$G$2:$G$13,$D6,Clean!$B$2:$B$13,E$4) -> 6 | F6: =SUMIFS(Clean!$H$2:$H$13,Clean!$G$2:$G$13,$D6,Clean!$B$2:$B$13,F$4) -> 6 | G6: =SUMIFS(Clean!$H$2:$H$13,Clean!$G$2:$G$13,$D6,Clean!$B$2:$B$13,G$4) -> 9
A7: Mumbai | B7: =SUMIFS(Clean!$H$2:$H$13,Clean!$D$2:$D$13,A7) -> 22 | D7: Grand Total | E7: =SUM(E5:E6) -> 7 | F7: =SUM(F5:F6) -> 9 | G7: =SUM(G5:G6) -> 17
D9: Service type = rows | Month = columns (Jan → Feb → Mar) | Values = Sum of delay_days
